author_name,repo,commit_count,commit_sec_min,commit_sec_max,contribution_span_days,is_recent_contributor
Sandra Hoang,Disasters-Learning-Portal/veda-disasters,95,1720702650,1747062871,305,False
Alice Rühl,Disasters-Learning-Portal/veda-disasters,6,1738065931,1741253221,36,False
Brianna Corremonte,Disasters-Learning-Portal/veda-disasters,2,1758719882,1758835350,1,False
Vitor George,Disasters-Learning-Portal/veda-disasters,15,1732019514,1759915145,322,False
Hanbyul Jo,Disasters-Learning-Portal/veda-disasters,30,1715273089,1743152134,322,False
Gjore Milevski,Disasters-Learning-Portal/veda-disasters,58,1729592762,1743158999,157,False
Emmanuel Mathot,EOPF-Explorer/landing-page,39,1758807189,1771407260,145,True
Jonas Sølvsteen,EOPF-Explorer/landing-page,11,1752572293,1769448205,195,True
Emmanuel Mathot,EOPF-Explorer/narratives,16,1759347919,1769535847,117,True
Jonas Sølvsteen,EOPF-Explorer/narratives,1,1768847965,1768847965,0,True
Emmanuel Mathot,EOPF-Explorer/titiler-eopf,81,1754906126,1770277114,177,True
Vincent Sarago,EOPF-Explorer/titiler-eopf,63,1753801074,1765802864,138,True
Ciaran Sweet,EOPF-Explorer/titiler-eopf,4,1758209812,1764856772,76,True
Emma Paz,MAAP-Project/maap-documentation,22,1683748806,1695348153,134,False
Alex I. Mandel,MAAP-Project/maap-documentation,56,1604012166,1747754795,1663,False
Henry Rodman,MAAP-Project/maap-documentation,6,1726856282,1769804967,497,True
Zac Deziel,MAAP-Project/maap-documentation,5,1733945016,1734714130,8,False
Jamison French,MAAP-Project/maap-documentation,17,1690235299,1706792232,191,False
Aimee Barciauskas,MAAP-Project/maap-documentation,83,1620339153,1681162111,703,False
Henry Rodman,MAAP-Project/maap-eoapi,36,1725547779,1770824513,524,True
Jamison French,MAAP-Project/maap-eoapi,32,1692618197,1771350728,911,True
Soumya Ranjan Mohanty,wri/project-zeno-deploy,8,1737648197,1757993920,235,False
Daniel Wiesmann,wri/project-zeno-deploy,120,1732809231,1771057417,442,True
Sajjad Anwar,wri/project-zeno-deploy,1,1752146774,1752146774,0,False
Tarashish Mishra,wri/project-zeno-deploy,83,1730898390,1769605338,447,True
Leo Thomas,wri/project-zeno-deploy,30,1736262486,1755188593,219,False
Sanjay Bhangar,wri/project-zeno-deploy,278,1744033221,1768392686,281,True
Soumya Ranjan Mohanty,wri/project-zeno-next,3,1757523414,1757575788,0,False
Wille Marcel,wri/project-zeno-next,2,1756245650,1756255296,0,False
Marc Farra,wri/project-zeno-next,239,1746873865,1770306542,271,True
Sajjad Anwar,wri/project-zeno-next,2,1754989393,1754990486,0,False
Vitor George,wri/project-zeno-next,98,1753186381,1757585569,50,False
Daniel da Silva,wri/project-zeno-next,61,1752051054,1757948910,68,False
Will Rynearson,wri/project-zeno-next,55,1753196477,1757683566,51,False
Lane Goodman,wri/project-zeno-next,280,1757951299,1768583612,123,True
Tarashish Mishra,wri/project-zeno-next,3,1754284778,1758280250,46,False
Sanjay Bhangar,wri/project-zeno-next,2,1755774325,1755774325,0,False
Max Jones,pydata/xarray,3,1701152983,1761608544,699,False
Chris Holden,pydata/xarray,1,1508878389,1508878389,0,False
Davis Bennett,pydata/xarray,2,1734538780,1748573517,0,False
Julia Signell,pydata/xarray,19,1470952465,1757957411,0,False
Benoit Bovy,pydata/xarray,58,1496426111,1752002419,2958,False
Emmanuel Mathot,pydata/xarray,1,1757486049,1757486049,0,False
Wei Ji,pydata/xarray,2,1600753230,1669911502,800,False
Jonas,pydata/xarray,2,1482167517,1517536906,409,False
Chuck Daniels,pydata/xarray,1,1739927499,1739927499,0,False
Matthias Mohr,radiantearth/stac-spec,865,1530625520,1726047304,0,False
Chris Holmes,radiantearth/stac-spec,931,1494615567,1647355248,0,False
Alexandra Kirk,radiantearth/stac-spec,25,1566429571,1580258495,160,False
Kyle Barron,radiantearth/stac-spec,2,1611703082,1615916421,48,False
Matthew Hanson,radiantearth/stac-spec,483,1521747090,1695841172,0,False
Emmanuel Mathot,radiantearth/stac-spec,98,1599634937,1725957782,1462,False
Pete Gadomski,radiantearth/stac-spec,6,1627935309,1723392273,1104,False
Matthias Mohr,radiantearth/stac-api-spec,674,1530625520,1676627397,0,False
Chris Holmes,radiantearth/stac-api-spec,643,1494615567,1623187625,0,False
Alexandra Kirk,radiantearth/stac-api-spec,25,1566429571,1580258495,160,False
David Bitner,radiantearth/stac-api-spec,2,1642108777,1642109157,0,False
Kyle Barron,radiantearth/stac-api-spec,1,1661873756,1661873756,0,False
Matthew Hanson,radiantearth/stac-api-spec,448,1521747090,1607558403,0,False
xıʃǝɟ,EOEPCA/data-access,9,1731672328,1747392033,181,False
Jonas Sølvsteen,EOEPCA/data-access,25,1718369731,1754295762,415,False
xıʃǝɟ,EOEPCA/demo,1,1769180488,1769180488,0,True
Jonas Sølvsteen,EOEPCA/demo,15,1728120966,1769603457,480,True
Jonas Sølvsteen,EOEPCA/resource-discovery,28,1719300578,1768401906,568,True
xıʃǝɟ,EOEPCA/eoepca-plus,133,1730459729,1771344344,473,True
Emmanuel Mathot,EOEPCA/eoepca-plus,3,1748355200,1748359525,0,False
Jonas Sølvsteen,EOEPCA/eoepca-plus,18,1727077341,1752268219,291,False
Isayah Vidito,EOEPCA/eoepca-plus,13,1727209016,1733498946,72,False
Sajjad Anwar,osm-seed/osm-seed,53,1530022102,1645176311,1332,False
Olaf Veerman,osm-seed/osm-seed,2,1529608142,1539094662,109,False
Sanjay Bhangar,osm-seed/osm-seed,130,1525431369,1708093916,2114,False
Jonas Sølvsteen,ecmwf/qubed,4,1762531179,1762762832,2,False
Jennifer Tran,NASA-IMPACT/veda-data-airflow,105,1711566495,1768243389,655,True
Sandra Hoang,NASA-IMPACT/veda-data-airflow,8,1750882224,1761764530,125,False
Alexandra Kirk,NASA-IMPACT/veda-data-airflow,67,1710956091,1764097285,615,True
Saadiq Mohiuddin,NASA-IMPACT/veda-data-airflow,144,1678389224,1763652245,986,True
Ali Z,NASA-IMPACT/veda-data-airflow,7,1754682851,1756841837,24,False
Jamison French,NASA-IMPACT/veda-data-airflow,3,1697570219,1721158915,273,False
Isayah Vidito,NASA-IMPACT/veda-data-airflow,121,1677267607,1768420576,1055,True
Pete Gadomski,NASA-IMPACT/veda-data-airflow,1,1696881846,1696881846,0,False
Jennifer Tran,NASA-IMPACT/veda-config,2,1739914590,1739917036,0,False
Sandra Hoang,NASA-IMPACT/veda-config,22,1701102139,1736363031,408,False
Alexandra Kirk,NASA-IMPACT/veda-config,18,1655481260,1731518516,880,False
Max Jones,NASA-IMPACT/veda-config,3,1723065443,1723415474,4,False
Alice Rühl,NASA-IMPACT/veda-config,6,1731405354,1737656711,72,False
Saadiq Mohiuddin,NASA-IMPACT/veda-config,9,1670610703,1687372486,194,False
Vitor George,NASA-IMPACT/veda-config,5,1730724276,1764758210,393,True
Daniel da Silva,NASA-IMPACT/veda-config,265,1639050973,1718998282,925,False
Hanbyul Jo,NASA-IMPACT/veda-config,231,1649869041,1753103215,1194,False
Kiri Carini,NASA-IMPACT/veda-config,22,1667585681,1674667475,81,False
Anthony Boyd,NASA-IMPACT/veda-config,41,1654539082,1738616277,973,False
Henry Rodman,NASA-IMPACT/veda-config,2,1744768159,1752860728,93,False
Gjore Milevski,NASA-IMPACT/veda-config,122,1714731653,1769502703,633,True
Ricardo Duplos,NASA-IMPACT/veda-config,1,1677761269,1677761269,0,False
Leo Thomas,NASA-IMPACT/veda-config,2,1638830301,1649866256,127,False
Jonas Sølvsteen,NASA-IMPACT/veda-config,27,1668779435,1730884909,718,False
Isayah Vidito,NASA-IMPACT/veda-config,19,1667392171,1681918699,168,False
Aimee Barciauskas,NASA-IMPACT/veda-config,61,1649888092,1748536172,1141,False
Jennifer Tran,NASA-IMPACT/veda-backend,166,1705627385,1770834945,754,True
Sandra Hoang,NASA-IMPACT/veda-backend,7,1722268308,1723651369,16,False
Alexandra Kirk,NASA-IMPACT/veda-backend,505,1640125392,1758649397,1371,False
Saadiq Mohiuddin,NASA-IMPACT/veda-backend,126,1673752390,1760124872,999,False
Leo Thomas,NASA-IMPACT/veda-backend,45,1638830428,1647845092,104,False
Anthony Lukach,NASA-IMPACT/veda-backend,75,1654214919,1761073955,1236,False
Jamison French,NASA-IMPACT/veda-backend,1,1692912400,1692912400,0,False
Isayah Vidito,NASA-IMPACT/veda-backend,74,1667324462,1767891745,1163,True
Pete Gadomski,NASA-IMPACT/veda-backend,1,1696947223,1696947223,0,False
Vincent Sarago,NASA-IMPACT/veda-backend,21,1678443191,1736182862,668,False
Ciaran Sweet,NASA-IMPACT/veda-backend,5,1722521511,1723132154,7,False
Aimee Barciauskas,NASA-IMPACT/veda-backend,20,1654636843,1744765182,1043,False
Chris Holden,NASA-IMPACT/csda-client,2,1735940802,1767977889,370,True
Emma Paz,NASA-IMPACT/csda-client,1,1755729576,1755729576,0,False
Anthony Lukach,NASA-IMPACT/csda-client,28,1595868006,1646770752,589,False
Pete Gadomski,NASA-IMPACT/csda-client,17,1748012046,1770215906,256,True
Max Jones,NASA-IMPACT/veda-odd,21,1737481888,1771264470,391,True
Aimee Barciauskas,NASA-IMPACT/veda-odd,15,1737487348,1765989475,329,True
Jennifer Tran,NASA-IMPACT/veda-deploy,8,1717441419,1742578915,290,False
Alexandra Kirk,NASA-IMPACT/veda-deploy,54,1702494856,1754673670,603,False
Saadiq Mohiuddin,NASA-IMPACT/veda-deploy,43,1700178391,1765556812,756,True
Henry Rodman,NASA-IMPACT/veda-deploy,1,1740761289,1740761289,0,False
Isayah Vidito,NASA-IMPACT/veda-deploy,20,1715707452,1756337243,470,False
Ciaran Sweet,NASA-IMPACT/veda-deploy,10,1723047258,1725986722,34,False
Aimee Barciauskas,NASA-IMPACT/veda-deploy,6,1747793094,1748104064,3,False
Jennifer Tran,NASA-IMPACT/veda-keycloak,14,1760720025,1768883124,94,True
Sandra Hoang,NASA-IMPACT/veda-keycloak,3,1765395563,1765831090,5,True
Alexandra Kirk,NASA-IMPACT/veda-keycloak,3,1756923590,1771367111,167,True
Saadiq Mohiuddin,NASA-IMPACT/veda-keycloak,31,1741202170,1771274615,348,True
Ali Z,NASA-IMPACT/veda-keycloak,1,1770233947,1770233947,0,True
Alex I. Mandel,NASA-IMPACT/veda-keycloak,1,1743788679,1743788679,0,False
Anthony Lukach,NASA-IMPACT/veda-keycloak,118,1728421652,1760637576,372,False
Isayah Vidito,NASA-IMPACT/veda-keycloak,2,1747936256,1764621466,193,True
Sandra Hoang,NASA-IMPACT/veda-ui,399,1697655169,1758733115,706,False
Alice Rühl,NASA-IMPACT/veda-ui,212,1729501975,1763737676,396,True
Vitor George,NASA-IMPACT/veda-ui,270,1730809900,1768929868,441,True
Daniel da Silva,NASA-IMPACT/veda-ui,1015,1639049693,1702382149,733,False
Hanbyul Jo,NASA-IMPACT/veda-ui,1107,1643213876,1758573133,1335,False
Anthony Boyd,NASA-IMPACT/veda-ui,9,1715358533,1743009763,320,False
Henry Rodman,NASA-IMPACT/veda-ui,1,1742865617,1742865617,0,False
Gjore Milevski,NASA-IMPACT/veda-ui,417,1714993969,1770980065,647,True
Ricardo Duplos,NASA-IMPACT/veda-ui,253,1642679077,1692724120,579,False
Leo Thomas,NASA-IMPACT/veda-ui,2,1638830137,1638830386,0,False
Jonas Sølvsteen,NASA-IMPACT/veda-ui,51,1693426260,1730364019,427,False
Aimee Barciauskas,NASA-IMPACT/veda-ui,83,1656297223,1761091836,1212,False
Max Jones,zarr-developers/zarr-python,30,1707319296,1767895626,701,True
Davis Bennett,zarr-developers/zarr-python,116,1606170143,1759263762,0,False
Julia Signell,zarr-developers/zarr-python,1,1751903076,1751903076,0,False
Kyle Barron,zarr-developers/zarr-python,2,1742833832,1745236023,27,False
Max Jones,zarr-developers/VirtualiZarr,98,1718044084,1769295513,593,True
Julia Signell,zarr-developers/VirtualiZarr,8,1715356253,1739305075,0,False
Sean Harkins,zarr-developers/VirtualiZarr,10,1731977996,1756912873,288,False
Chuck Daniels,zarr-developers/VirtualiZarr,13,1737669610,1744231225,75,False
Aimee Barciauskas,zarr-developers/VirtualiZarr,10,1711745143,1741381979,343,False
Max Jones,GenericMappingTools/pygmt,111,1642159110,1769659223,1475,True
Wei Ji,GenericMappingTools/pygmt,286,1547649272,1770164276,2575,True
xıʃǝɟ,sentinel-hub/titiler-openeo,12,1738846309,1769705261,357,True
Zac Deziel,sentinel-hub/titiler-openeo,9,1764028126,1770475153,74,True
Emmanuel Mathot,sentinel-hub/titiler-openeo,247,1730291637,1770155649,461,True
Vincent Sarago,sentinel-hub/titiler-openeo,97,1733137677,1770995646,438,True
Wille Marcel,hotosm/tasking-manager,761,1538400461,1669990064,1523,False
Sajjad Anwar,hotosm/tasking-manager,4,1543568698,1601327149,668,False
xıʃǝɟ,hotosm/tasking-manager,159,1553592853,1589884189,420,False
Chris Holden,hotosm/openaerialmap,10,1751406033,1751575667,1,False
Indraneel Purohit,hotosm/openaerialmap,34,1747352603,1751478338,47,False
Emma Paz,hotosm/openaerialmap,3,1747751751,1747778442,0,False
Ricardo Duplos,hotosm/openaerialmap,1,1432735245,1432735245,0,False
Pete Gadomski,hotosm/openaerialmap,10,1747918796,1754926338,81,False
Julia Signell,stac-utils/pystac-client,19,1681915703,1758545218,0,False
Matthew Hanson,stac-utils/pystac-client,339,1617420548,1650341067,0,False
Henry Rodman,stac-utils/pystac-client,1,1728998645,1728998645,0,False
Wei Ji,stac-utils/pystac-client,1,1663414900,1663414900,0,False
Chuck Daniels,stac-utils/pystac-client,2,1695241897,1695762480,6,False
Pete Gadomski,stac-utils/pystac-client,164,1618344622,1753978301,1569,False
Matthias Mohr,stac-utils/pystac,5,1654625637,1690920119,0,False
Julia Signell,stac-utils/pystac,96,1673540508,1758207932,0,False
Kyle Barron,stac-utils/pystac,7,1610151341,1613761072,41,False
Matthew Hanson,stac-utils/pystac,29,1615498658,1617036064,0,False
Alex I. Mandel,stac-utils/pystac,1,1686229285,1686229285,0,False
Tarashish Mishra,stac-utils/pystac,1,1651275347,1651275347,0,False
Emmanuel Mathot,stac-utils/pystac,19,1606728206,1623073161,189,False
Chuck Daniels,stac-utils/pystac,3,1695762411,1695991821,2,False
Pete Gadomski,stac-utils/pystac,213,1615497591,1769529885,1782,True
Vincent Sarago,stac-utils/pystac,2,1628972729,1689184958,696,False
David Bitner,stac-utils/pgstac,112,1617043026,1770744836,1778,True
Kyle Barron,stac-utils/pgstac,2,1714395441,1714402605,0,False
xıʃǝɟ,stac-utils/pgstac,3,1757444908,1765290578,90,True
Henry Rodman,stac-utils/pgstac,14,1717518594,1769120086,597,True
Zac Deziel,stac-utils/pgstac,3,1695240580,1715606689,235,False
Emmanuel Mathot,stac-utils/pgstac,2,1743084623,1746544592,40,False
Anthony Lukach,stac-utils/pgstac,2,1658154589,1765220056,1239,True
Pete Gadomski,stac-utils/pgstac,4,1675715256,1740152237,745,False
Vincent Sarago,stac-utils/pgstac,16,1629211830,1728931564,1154,False
David Bitner,stac-utils/rustac,1,1764020708,1764020708,0,True
Kyle Barron,stac-utils/rustac,1,1745265722,1745265722,0,False
Henry Rodman,stac-utils/rustac,2,1763493312,1763567205,0,False
Pete Gadomski,stac-utils/rustac,1013,1635861187,1770916865,1563,True
Matthias Mohr,stac-utils/stac-fastapi,3,1659235417,1712847211,0,False
Daniel Wiesmann,stac-utils/stac-fastapi,2,1641522863,1657726810,187,False
David Bitner,stac-utils/stac-fastapi,15,1614708814,1668698135,624,False
Kyle Barron,stac-utils/stac-fastapi,1,1611974060,1611974060,0,False
Jeff Albrecht,stac-utils/stac-fastapi,105,1592367245,1714119127,0,False
Anthony Lukach,stac-utils/stac-fastapi,7,1644958397,1768250890,1426,True
Pete Gadomski,stac-utils/stac-fastapi,29,1668699025,1694007382,292,False
Vincent Sarago,stac-utils/stac-fastapi,140,1597193820,1770737692,2008,True
Matthias Mohr,stac-utils/stac-fastapi-pgstac,1,1722523738,1722523738,0,False
Daniel Wiesmann,stac-utils/stac-fastapi-pgstac,2,1641522863,1657726810,187,False
David Bitner,stac-utils/stac-fastapi-pgstac,16,1614708814,1753284283,1603,False
Kyle Barron,stac-utils/stac-fastapi-pgstac,1,1611974060,1611974060,0,False
Jeff Albrecht,stac-utils/stac-fastapi-pgstac,43,1592367245,1677535995,0,False
xıʃǝɟ,stac-utils/stac-fastapi-pgstac,1,1762946193,1762946193,0,False
Henry Rodman,stac-utils/stac-fastapi-pgstac,6,1727879036,1769175942,477,True
Anthony Lukach,stac-utils/stac-fastapi-pgstac,9,1644958397,1764690687,1385,True
Pete Gadomski,stac-utils/stac-fastapi-pgstac,40,1668699025,1763641648,1098,False
Vincent Sarago,stac-utils/stac-fastapi-pgstac,98,1612750031,1770723914,1828,True
Max Jones,developmentseed/titiler-cmr,1,1724171469,1724171469,0,False
Henry Rodman,developmentseed/titiler-cmr,42,1728919558,1770238748,478,True
Chuck Daniels,developmentseed/titiler-cmr,24,1765399326,1770675445,61,True
Isayah Vidito,developmentseed/titiler-cmr,2,1764026104,1764032487,0,True
Vincent Sarago,developmentseed/titiler-cmr,67,1705495578,1711118618,65,False
Aimee Barciauskas,developmentseed/titiler-cmr,207,1705427308,1770999745,758,True
xıʃǝɟ,developmentseed/stac-auth-proxy,11,1732809717,1769529040,424,True
Anthony Lukach,developmentseed/stac-auth-proxy,234,1732818735,1770861158,440,True
Sanjay Bhangar,developmentseed/stac-auth-proxy,1,1744962679,1744962679,0,False
Pete Gadomski,developmentseed/stac-auth-proxy,1,1753389655,1753389655,0,False
Wille Marcel,developmentseed/osm-teams,10,1673873332,1683295837,109,False
Marc Farra,developmentseed/osm-teams,443,1540844888,1686351134,1684,False
Vitor George,developmentseed/osm-teams,355,1644947594,1674746983,344,False
Lane Goodman,developmentseed/osm-teams,230,1678973957,1686256611,84,False
Alice Rühl,developmentseed/openeo-studio,133,1763451155,1770984577,87,True
Daniel da Silva,developmentseed/openeo-studio,14,1762949825,1768403620,63,True
Emmanuel Mathot,developmentseed/openeo-studio,19,1765798729,1771257342,63,True
Jonas Sølvsteen,developmentseed/openeo-studio,4,1770107108,1771343143,14,True
Kyle Barron,developmentseed/geotiff-test-data,20,1769139485,1771020757,21,True
Pete Gadomski,developmentseed/geotiff-test-data,2,1770135754,1770310451,2,True
Max Jones,developmentseed/obspec-utils,55,1750448940,1770998265,237,True
Will Rynearson,developmentseed/eo-predictor,46,1753360194,1770725923,200,True
Gjore Milevski,developmentseed/eo-predictor,1,1768989042,1768989042,0,True
Pete Gadomski,developmentseed/eo-predictor,3,1756285618,1769704890,155,True
Zac Deziel,developmentseed/openeo-udp,3,1768998307,1769626048,7,True
Emmanuel Mathot,developmentseed/openeo-udp,3,1765539066,1770156721,53,True
Olaf Veerman,developmentseed/openeo-udp,2,1763389980,1763390232,0,False
Wille Marcel,developmentseed/moz-proenergia-backend,64,1764711026,1771275371,75,True
Sanjay Bhangar,developmentseed/moz-proenergia-backend,91,1765441644,1771397262,68,True
Wille Marcel,developmentseed/titiler,2,1640100830,1754493008,1323,False
Max Jones,developmentseed/titiler,5,1730214364,1761817321,365,False
David Bitner,developmentseed/titiler,1,1594682332,1594682332,0,False
Kyle Barron,developmentseed/titiler,20,1598965080,1713476135,1325,False
Jeff Albrecht,developmentseed/titiler,4,1595980986,1608449143,0,False
Kiri,developmentseed/titiler,2,1732290788,1732291109,0,False
Sean Harkins,developmentseed/titiler,1,1646333885,1646333885,0,False
Henry Rodman,developmentseed/titiler,10,1727097138,1761238622,395,False
Emmanuel Mathot,developmentseed/titiler,7,1610679501,1678367960,783,False
Jonas,developmentseed/titiler,1,1744103621,1744103621,0,False
Pete Gadomski,developmentseed/titiler,1,1709715032,1709715032,0,False
Vincent Sarago,developmentseed/titiler,715,1575568964,1770973276,2261,True
Ciaran Sweet,developmentseed/titiler,2,1731576828,1770916173,455,True
Aimee Barciauskas,developmentseed/titiler,10,1618696757,1763539400,1676,False
Daniel Wiesmann,developmentseed/rio-stac,1,1756306256,1756306256,0,False
Henry Rodman,developmentseed/rio-stac,2,1683132742,1683133093,0,False
Vincent Sarago,developmentseed/rio-stac,159,1588959271,1762934435,2013,False
Sajjad Anwar,developmentseed/osm-seed,53,1530022102,1645176311,0,False
Olaf Veerman,developmentseed/osm-seed,2,1529608142,1539094662,0,False
Sanjay Bhangar,developmentseed/osm-seed,130,1525431369,1708093916,0,False
Wille Marcel,developmentseed/lonboard,2,1714083457,1730901566,194,False
Chris Holden,developmentseed/lonboard,1,1738778383,1738778383,0,False
Kyle Barron,developmentseed/lonboard,421,1693518811,1770849248,895,True
Emma Paz,developmentseed/lonboard,4,1704982856,1708978921,46,False
Vitor George,developmentseed/lonboard,15,1697555970,1765456518,785,True
Vincent Sarago,developmentseed/lonboard,1,1697573619,1697573619,0,False
Aimee Barciauskas,developmentseed/lonboard,5,1695751913,1700690513,57,False
Sandra Hoang,developmentseed/stac-map,3,1761841788,1768237122,74,True
Indraneel Purohit,developmentseed/stac-map,2,1751365865,1755192240,44,False
Will Rynearson,developmentseed/stac-map,1,1751283312,1751283312,0,False
Tarashish Mishra,developmentseed/stac-map,1,1751284878,1751284878,0,False
Pete Gadomski,developmentseed/stac-map,267,1750270234,1770386191,232,True
David Bitner,developmentseed/cql2-rs,55,1721053190,1758051270,428,False
Kyle Barron,developmentseed/cql2-rs,4,1721753493,1721755471,0,False
Zac Deziel,developmentseed/cql2-rs,1,1741802915,1741802915,0,False
Anthony Lukach,developmentseed/cql2-rs,10,1740075456,1763135494,266,False
Pete Gadomski,developmentseed/cql2-rs,97,1721837058,1770235533,560,True
xıʃǝɟ,developmentseed/eoapi-k8s,99,1730387754,1771322017,473,True
Tarashish Mishra,developmentseed/eoapi-k8s,8,1690216150,1763074531,843,False
Emmanuel Mathot,developmentseed/eoapi-k8s,26,1744211651,1765365371,244,True
Jonas,developmentseed/eoapi-k8s,7,1728314655,1736527513,95,False
Sanjay Bhangar,developmentseed/eoapi-k8s,1,1745921051,1745921051,0,False
Isayah Vidito,developmentseed/eoapi-k8s,14,1718821284,1743535953,286,False
Vincent Sarago,developmentseed/eoapi-k8s,3,1705582688,1728309029,263,False
Ciaran Sweet,developmentseed/eoapi-k8s,12,1727267183,1759747660,375,False
Kyle Barron,developmentseed/deck.gl-raster,104,1764879824,1771373780,75,True
Pete Gadomski,developmentseed/deck.gl-raster,7,1769183270,1769456613,3,True
Daniel Wiesmann,developmentseed/morecantile,1,1683559414,1683559414,0,False
Kyle Barron,developmentseed/morecantile,3,1607485123,1770230893,1883,True
Jeff Albrecht,developmentseed/morecantile,7,1589066053,1589775178,0,False
Henry Rodman,developmentseed/morecantile,1,1758815692,1758815692,0,False
Vincent Sarago,developmentseed/morecantile,448,1579813979,1770246102,2204,True
Wille Marcel,developmentseed/obstore,1,1730470183,1730470183,0,False
Kyle Barron,developmentseed/obstore,309,1729194394,1770663091,479,True
Anthony Lukach,developmentseed/obstore,2,1768256451,1768330911,0,True
Wei Ji,developmentseed/obstore,1,1740156308,1740156308,0,False
Chuck Daniels,developmentseed/obstore,3,1747500858,1755878660,96,False
Pete Gadomski,developmentseed/obstore,1,1746018926,1746018926,0,False
Vincent Sarago,developmentseed/obstore,1,1738082190,1738082190,0,False
Martha Morrissey,developmentseed/pixelverse,38,1760647546,1764099521,39,True
Wei Ji,developmentseed/pixelverse,5,1768166650,1769650456,17,True
Wille Marcel,developmentseed/eoAPI,1,1726488679,1726488679,0,False
David Bitner,developmentseed/eoAPI,3,1630003041,1678908603,566,False
Lane Goodman,developmentseed/eoAPI,11,1696340627,1696622162,3,False
xıʃǝɟ,developmentseed/eoAPI,1,1762770325,1762770325,0,False
Sean Harkins,developmentseed/eoAPI,4,1643854281,1654707700,125,False
Henry Rodman,developmentseed/eoAPI,5,1684244308,1744897271,702,False
Zac Deziel,developmentseed/eoAPI,32,1686696101,1703179085,190,False
Leo Thomas,developmentseed/eoAPI,1,1641999247,1641999247,0,False
Anthony Lukach,developmentseed/eoAPI,3,1710532434,1746205978,412,False
Jonas,developmentseed/eoAPI,5,1696884505,1697216364,3,False
Vincent Sarago,developmentseed/eoAPI,234,1629904250,1740153817,1276,False
Aimee Barciauskas,developmentseed/eoAPI,3,1695928705,1695952787,0,False
Sean Harkins,developmentseed/eoapi-cdk,10,1677773846,1689201507,132,False
Alex I. Mandel,developmentseed/eoapi-cdk,1,1684532345,1684532345,0,False
Henry Rodman,developmentseed/eoapi-cdk,47,1724117471,1770659717,538,True
Anthony Lukach,developmentseed/eoapi-cdk,50,1664917900,1755879689,1052,False
Jamison French,developmentseed/eoapi-cdk,3,1678411676,1770735801,1068,True
Isayah Vidito,developmentseed/eoapi-cdk,1,1694180964,1694180964,0,False
Pete Gadomski,developmentseed/eoapi-cdk,7,1753793391,1764606236,125,True
Vincent Sarago,developmentseed/eoapi-cdk,7,1691130948,1738688012,550,False
Aimee Barciauskas,developmentseed/eoapi-cdk,1,1686584297,1686584297,0,False
David Bitner,developmentseed/tipg,94,1651079287,1702393462,593,False
xıʃǝɟ,developmentseed/tipg,1,1762778608,1762778608,0,False
Henry Rodman,developmentseed/tipg,4,1700621160,1704974391,50,False
Zac Deziel,developmentseed/tipg,2,1694197989,1694198593,0,False
Vincent Sarago,developmentseed/tipg,568,1651066571,1765275424,1321,True
Ciaran Sweet,developmentseed/tipg,1,1759493236,1759493236,0,False
Max Jones,developmentseed/async-tiff,2,1741974835,1761231624,222,False
Kyle Barron,developmentseed/async-tiff,135,1723748465,1770326134,539,True
Anthony Lukach,developmentseed/async-tiff,1,1763784984,1763784984,0,True
Wei Ji,developmentseed/async-tiff,10,1746562103,1769465046,265,True
Daniel Wiesmann,developmentseed/geojson-pydantic,2,1646256005,1657902792,134,False
Jeff Albrecht,developmentseed/geojson-pydantic,3,1628915326,1645383397,0,False
Vincent Sarago,developmentseed/geojson-pydantic,204,1603813451,1759930181,1806,False
Vincent Sarago,developmentseed/rio-viz,129,1562339460,1742485839,2085,False
xıʃǝɟ,beatrizbsperes/eopf-101,16,1747127956,1764711542,203,True
Emmanuel Mathot,beatrizbsperes/eopf-101,7,1747939515,1752478873,52,False
Beatriz Peres,beatrizbsperes/eopf-101,2,1767866955,1770630826,31,True
Ciaran Sweet,beatrizbsperes/eopf-101,43,1748965625,1770906733,253,True
Matthias Mohr,opengeospatial/geoparquet,10,1670261363,1724597606,0,False
Chris Holmes,opengeospatial/geoparquet,38,1627926627,1752522610,0,False
Kyle Barron,opengeospatial/geoparquet,13,1650344789,1717227830,774,False
Max Jones,virtual-zarr/obspec-utils,53,1750448940,1769645978,0,False
Anthony Lukach,source-cooperative/source.coop,297,1743794422,1770944228,314,True
Wille Marcel,OSMCha/osmcha-frontend,428,1497643026,1747673939,2893,False
Sajjad Anwar,OSMCha/osmcha-frontend,5,1497883326,1507197415,107,False
Tarashish Mishra,OSMCha/osmcha-frontend,2,1699508578,1707718447,95,False
Wille Marcel,OSMCha/osmcha-django,797,1438651962,1724854672,3312,False
Sajjad Anwar,OSMCha/osmcha-django,38,1476696685,1485175770,98,False
Tarashish Mishra,OSMCha/osmcha-django,5,1697547266,1700822167,37,False
Kyle Barron,geoarrow/geoarrow,12,1695684680,1748010349,605,False
Kyle Barron,geoarrow/geoarrow-rs,844,1688163503,1767585447,919,True
Wei Ji,geoarrow/geoarrow-rs,1,1707150354,1707150354,0,False
Pete Gadomski,geoarrow/geoarrow-rs,16,1716371124,1748370159,370,False
Kyle Barron,geoarrow/deck.gl-layers,99,1691436871,1761772123,814,False
xıʃǝɟ,eopf-toolkit/eopf-101,16,1747127956,1764711542,203,True
Emmanuel Mathot,eopf-toolkit/eopf-101,7,1747939515,1752478873,52,False
Beatriz Peres,eopf-toolkit/eopf-101,2,1770290696,1770630826,3,True
Ciaran Sweet,eopf-toolkit/eopf-101,43,1748965625,1770906733,253,True
Soumya Ranjan Mohanty,Clay-foundation/model,11,1702613646,1733766251,360,False
Daniel Wiesmann,Clay-foundation/model,36,1700149587,1733494971,385,False
Lilly Thomas,Clay-foundation/model,8,1700007319,1721861671,252,False
Wei Ji,Clay-foundation/model,36,1699480841,1729621478,348,False
Chuck Daniels,Clay-foundation/model,1,1708722873,1708722873,0,False
Aimee Barciauskas,Clay-foundation/model,1,1748248632,1748248632,0,False
